{
"type": "FeatureCollection",
"features": [
{ "type": "Feature", "properties": { "uuid": "02343de0-b3f6-4976-877c-49278061832f", "category_uuid": "ee72fc4d-c0b1-4dc1-9baf-a2b517ae9567", "category": "Live animals", "X": 12.9505266666667, "Y": -18.772805, "datetime": "2022-02-06 13:26:43.11", "patrol_uuid": "d9429eac-caa3-41a3-a17a-b780f405cb27", "patrol_id": "LIONSNA_000592", "attributes": [ { "attribute_uuid": "47efe273-01b1-4b45-aea6-90c06aef4eb4", "attribute": "Species", "value": "Giraffe" }, { "attribute_uuid": "6274d6ce-4c81-4b7c-8a7c-61ee5d011a72", "attribute": "Total number", "value": "9" }, { "attribute_uuid": "8b4d701d-ecef-41ce-8b3c-c01db0d94307", "attribute": "Number of Adult Females", "value": "4" }, { "attribute_uuid": "b665cf34-089c-47d2-8589-a719229b55c0", "attribute": "Threat", "value": "None" }, { "attribute_uuid": "d89bec59-5150-4518-8705-139a249ed352", "attribute": "Number of Young", "value": "5" } ] }, "geometry": { "type": "Point", "coordinates": [ 12.9505266666667, -18.772805 ] } },
{ "type": "Feature", "properties": { "uuid": "009df205-035e-4c39-92a3-48bba7789801", "category_uuid": "ee72fc4d-c0b1-4dc1-9baf-a2b517ae9567", "category": "Live animals", "X": 12.95232, "Y": -18.771741666666699, "datetime": "2022-02-09 06:10:54.954", "patrol_uuid": "a669ccc0-81f3-47fd-bd7c-1740f4c757f1", "patrol_id": "LIONSNA_000593", "attributes": [ { "attribute_uuid": "47efe273-01b1-4b45-aea6-90c06aef4eb4", "attribute": "Species", "value": "Giraffe" }, { "attribute_uuid": "6274d6ce-4c81-4b7c-8a7c-61ee5d011a72", "attribute": "Total number", "value": "4" }, { "attribute_uuid": "b665cf34-089c-47d2-8589-a719229b55c0", "attribute": "Threat", "value": "None" }, { "attribute_uuid": "d89bec59-5150-4518-8705-139a249ed352", "attribute": "Number of Young", "value": "1" } ] }, "geometry": { "type": "Point", "coordinates": [ 12.95232, -18.771741666666699 ] } },
{ "type": "Feature", "properties": { "uuid": "038ae7c7-eb8c-4bcd-ab55-7b2b3f0eda98", "category_uuid": "ee72fc4d-c0b1-4dc1-9baf-a2b517ae9567", "category": "Live animals", "X": 13.3073366666667, "Y": -18.9106283333333, "datetime": "2022-03-02 07:35:59.865", "patrol_uuid": "c8610bc2-fcf1-4133-b236-f5d6bb5f2b69", "patrol_id": "LIONSNA_000813", "attributes": [ { "attribute_uuid": "33455f66-d422-4e44-bbf8-54b7ec7916b2", "attribute": "Observation Distance (m)", "value": "20" }, { "attribute_uuid": "47efe273-01b1-4b45-aea6-90c06aef4eb4", "attribute": "Species", "value": "Ostrich" }, { "attribute_uuid": "4e14bc5c-421f-4cd0-9902-4866806424da", "attribute": "Number of Adult Males", "value": "1" }, { "attribute_uuid": "6274d6ce-4c81-4b7c-8a7c-61ee5d011a72", "attribute": "Total number", "value": "1" }, { "attribute_uuid": "6777a1bc-0c2a-457e-80cc-cc66d7d10196", "attribute": "Notes", "value": "Greasing in the area of thomakas" }, { "attribute_uuid": "b665cf34-089c-47d2-8589-a719229b55c0", "attribute": "Threat", "value": "None" } ] }, "geometry": { "type": "Point", "coordinates": [ 13.3073366666667, -18.9106283333333 ] } },
{ "type": "Feature", "properties": { "uuid": "029c3fda-c126-4b79-9529-47f5cd84efb0", "category_uuid": "ee72fc4d-c0b1-4dc1-9baf-a2b517ae9567", "category": "Live animals", "X": 13.241013333333299, "Y": -19.041748333333299, "datetime": "2022-03-18 07:35:02.74", "patrol_uuid": "9c302541-3545-4925-a8f8-428214afddde", "patrol_id": "LIONSNA_000828", "attributes": [ { "attribute_uuid": "33455f66-d422-4e44-bbf8-54b7ec7916b2", "attribute": "Observation Distance (m)", "value": "0" }, { "attribute_uuid": "6777a1bc-0c2a-457e-80cc-cc66d7d10196", "attribute": "Notes", "value": "Is water point from the rain in the area of\nKanamub" }, { "attribute_uuid": "b665cf34-089c-47d2-8589-a719229b55c0", "attribute": "Threat", "value": "None" } ] }, "geometry": { "type": "Point", "coordinates": [ 13.241013333333299, -19.041748333333299 ] } },
{ "type": "Feature", "properties": { "uuid": "012ad228-5f51-4240-a808-0c17b6754c5f", "category_uuid": "ee72fc4d-c0b1-4dc1-9baf-a2b517ae9567", "category": "Live animals", "X": 13.340905, "Y": -18.9931633333333, "datetime": "2022-03-05 06:58:21.858", "patrol_uuid": "0cb627de-03df-4b3b-afe0-ba39c5ec4d1e", "patrol_id": "LIONSNA_000817", "attributes": [ { "attribute_uuid": "33455f66-d422-4e44-bbf8-54b7ec7916b2", "attribute": "Observation Distance (m)", "value": "500" }, { "attribute_uuid": "47efe273-01b1-4b45-aea6-90c06aef4eb4", "attribute": "Species", "value": "Zebra, Mountain" }, { "attribute_uuid": "6274d6ce-4c81-4b7c-8a7c-61ee5d011a72", "attribute": "Total number", "value": "4" }, { "attribute_uuid": "6777a1bc-0c2a-457e-80cc-cc66d7d10196", "attribute": "Notes", "value": "Greasing in the area of kanumub vlakte" }, { "attribute_uuid": "b665cf34-089c-47d2-8589-a719229b55c0", "attribute": "Threat", "value": "None" } ] }, "geometry": { "type": "Point", "coordinates": [ 13.340905, -18.9931633333333 ] } },
{ "type": "Feature", "properties": { "uuid": "02826792-b394-4eb6-a3aa-18f597afc388", "category_uuid": "ee72fc4d-c0b1-4dc1-9baf-a2b517ae9567", "category": "Live animals", "X": 13.4475083333333, "Y": -18.8177916666667, "datetime": "2022-05-25 10:08:18.23", "patrol_uuid": "d48f87a5-62b4-4aaa-b703-e82d3932b90b", "patrol_id": "UararaviA_001383", "attributes": [ { "attribute_uuid": "33455f66-d422-4e44-bbf8-54b7ec7916b2", "attribute": "Observation Distance (m)", "value": "10" }, { "attribute_uuid": "47efe273-01b1-4b45-aea6-90c06aef4eb4", "attribute": "Species", "value": "Giraffe" }, { "attribute_uuid": "4e14bc5c-421f-4cd0-9902-4866806424da", "attribute": "Number of Adult Males", "value": "3" }, { "attribute_uuid": "6274d6ce-4c81-4b7c-8a7c-61ee5d011a72", "attribute": "Total number", "value": "3" }, { "attribute_uuid": "b665cf34-089c-47d2-8589-a719229b55c0", "attribute": "Threat", "value": "None" } ] }, "geometry": { "type": "Point", "coordinates": [ 13.4475083333333, -18.8177916666667 ] } },
{ "type": "Feature", "properties": { "uuid": "0238dc43-6762-40a0-85a3-819143ad2766", "category_uuid": "ee72fc4d-c0b1-4dc1-9baf-a2b517ae9567", "category": "Live animals", "X": 14.049575, "Y": -19.124973333333301, "datetime": "2022-05-20 10:15:45.135", "patrol_uuid": "fe398448-5f91-4257-a637-1b71aad5d871", "patrol_id": "LIONSNA_001524", "attributes": [ { "attribute_uuid": "33455f66-d422-4e44-bbf8-54b7ec7916b2", "attribute": "Observation Distance (m)", "value": "30" }, { "attribute_uuid": "47efe273-01b1-4b45-aea6-90c06aef4eb4", "attribute": "Species", "value": "Springbok" }, { "attribute_uuid": "4e14bc5c-421f-4cd0-9902-4866806424da", "attribute": "Number of Adult Males", "value": "1" }, { "attribute_uuid": "6274d6ce-4c81-4b7c-8a7c-61ee5d011a72", "attribute": "Total number", "value": "1" }, { "attribute_uuid": "6777a1bc-0c2a-457e-80cc-cc66d7d10196", "attribute": "Notes", "value": "Standing" }, { "attribute_uuid": "8b4d701d-ecef-41ce-8b3c-c01db0d94307", "attribute": "Number of Adult Females", "value": "0" }, { "attribute_uuid": "b665cf34-089c-47d2-8589-a719229b55c0", "attribute": "Threat", "value": "None" }, { "attribute_uuid": "d89bec59-5150-4518-8705-139a249ed352", "attribute": "Number of Young", "value": "0" } ] }, "geometry": { "type": "Point", "coordinates": [ 14.049575, -19.124973333333301 ] } },
{ "type": "Feature", "properties": { "uuid": "01e155e3-5b46-45c5-ac4e-36b8b852749c", "category_uuid": "ee72fc4d-c0b1-4dc1-9baf-a2b517ae9567", "category": "Live animals", "X": 14.4855066666667, "Y": -18.867205, "datetime": "2022-02-10 07:52:45.779", "patrol_uuid": "fbb0dce9-d136-4253-a86d-48f7dd95743c", "patrol_id": "LIONSNA_000901", "attributes": [ { "attribute_uuid": "47efe273-01b1-4b45-aea6-90c06aef4eb4", "attribute": "Species", "value": "Zebra, Mountain" }, { "attribute_uuid": "4e14bc5c-421f-4cd0-9902-4866806424da", "attribute": "Number of Adult Males", "value": "2" }, { "attribute_uuid": "6274d6ce-4c81-4b7c-8a7c-61ee5d011a72", "attribute": "Total number", "value": "3" }, { "attribute_uuid": "6777a1bc-0c2a-457e-80cc-cc66d7d10196", "attribute": "Notes", "value": "Standing on top of mountain" }, { "attribute_uuid": "8b4d701d-ecef-41ce-8b3c-c01db0d94307", "attribute": "Number of Adult Females", "value": "1" }, { "attribute_uuid": "b665cf34-089c-47d2-8589-a719229b55c0", "attribute": "Threat", "value": "None" }, { "attribute_uuid": "d89bec59-5150-4518-8705-139a249ed352", "attribute": "Number of Young", "value": "0" } ] }, "geometry": { "type": "Point", "coordinates": [ 14.4855066666667, -18.867205 ] } },
{ "type": "Feature", "properties": { "uuid": "0244fd8b-4ad5-4e1c-b620-4ff1bd5573f7", "category_uuid": "ee72fc4d-c0b1-4dc1-9baf-a2b517ae9567", "category": "Live animals", "X": 14.3648283333333, "Y": -19.2552183333333, "datetime": "2022-05-19 08:21:02.129", "patrol_uuid": "854c6ebc-9040-4e2b-b885-41fda8142ac9", "patrol_id": "LIONSNA_001284", "attributes": [ { "attribute_uuid": "33455f66-d422-4e44-bbf8-54b7ec7916b2", "attribute": "Observation Distance (m)", "value": "30" }, { "attribute_uuid": "47efe273-01b1-4b45-aea6-90c06aef4eb4", "attribute": "Species", "value": "Zebra, Mountain" }, { "attribute_uuid": "4e14bc5c-421f-4cd0-9902-4866806424da", "attribute": "Number of Adult Males", "value": "1" }, { "attribute_uuid": "6274d6ce-4c81-4b7c-8a7c-61ee5d011a72", "attribute": "Total number", "value": "4" }, { "attribute_uuid": "8b4d701d-ecef-41ce-8b3c-c01db0d94307", "attribute": "Number of Adult Females", "value": "3" }, { "attribute_uuid": "b665cf34-089c-47d2-8589-a719229b55c0", "attribute": "Threat", "value": "None" } ] }, "geometry": { "type": "Point", "coordinates": [ 14.3648283333333, -19.2552183333333 ] } },
{ "type": "Feature", "properties": { "uuid": "0098874a-fe54-463d-99ed-320d6bf19489", "category_uuid": "ee72fc4d-c0b1-4dc1-9baf-a2b517ae9567", "category": "Live animals", "X": 14.2794283333333, "Y": -19.348635, "datetime": "2022-01-21 09:07:46.835", "patrol_uuid": "e2879468-3023-463b-9b75-28410ab42873", "patrol_id": "LIONSNA_000492", "attributes": [ { "attribute_uuid": "47efe273-01b1-4b45-aea6-90c06aef4eb4", "attribute": "Species", "value": "Springbok" }, { "attribute_uuid": "4e14bc5c-421f-4cd0-9902-4866806424da", "attribute": "Number of Adult Males", "value": "2" }, { "attribute_uuid": "6274d6ce-4c81-4b7c-8a7c-61ee5d011a72", "attribute": "Total number", "value": "5" }, { "attribute_uuid": "8b4d701d-ecef-41ce-8b3c-c01db0d94307", "attribute": "Number of Adult Females", "value": "3" }, { "attribute_uuid": "b665cf34-089c-47d2-8589-a719229b55c0", "attribute": "Threat", "value": "None" } ] }, "geometry": { "type": "Point", "coordinates": [ 14.2794283333333, -19.348635 ] } },
{ "type": "Feature", "properties": { "uuid": "00485e43-e63a-449a-a9be-82e01b108649", "category_uuid": "ee72fc4d-c0b1-4dc1-9baf-a2b517ae9567", "category": "Live animals", "X": 14.3111302144825, "Y": -19.368069190532001, "datetime": "2022-01-22 07:36:21.616", "patrol_uuid": "0a5274df-532d-43d3-9395-65284871c5c3", "patrol_id": "LIONSNA_000549", "attributes": [ { "attribute_uuid": "47efe273-01b1-4b45-aea6-90c06aef4eb4", "attribute": "Species", "value": "Zebra, Mountain" }, { "attribute_uuid": "4e14bc5c-421f-4cd0-9902-4866806424da", "attribute": "Number of Adult Males", "value": "1" }, { "attribute_uuid": "6274d6ce-4c81-4b7c-8a7c-61ee5d011a72", "attribute": "Total number", "value": "2" }, { "attribute_uuid": "8b4d701d-ecef-41ce-8b3c-c01db0d94307", "attribute": "Number of Adult Females", "value": "1" }, { "attribute_uuid": "b665cf34-089c-47d2-8589-a719229b55c0", "attribute": "Threat", "value": "None" } ] }, "geometry": { "type": "Point", "coordinates": [ 14.3111302144825, -19.368069190532001 ] } },
{ "type": "Feature", "properties": { "uuid": "034b06e8-276e-47c1-8fab-159b1e4194a0", "category_uuid": "ee72fc4d-c0b1-4dc1-9baf-a2b517ae9567", "category": "Live animals", "X": 14.3380383333333, "Y": -19.3487883333333, "datetime": "2022-05-24 11:15:05.215", "patrol_uuid": "8854f84d-0e40-4088-b6cb-3fce007509d8", "patrol_id": "LIONSNA_002091", "attributes": [ { "attribute_uuid": "33455f66-d422-4e44-bbf8-54b7ec7916b2", "attribute": "Observation Distance (m)", "value": "150" }, { "attribute_uuid": "47efe273-01b1-4b45-aea6-90c06aef4eb4", "attribute": "Species", "value": "Impala" }, { "attribute_uuid": "4e14bc5c-421f-4cd0-9902-4866806424da", "attribute": "Number of Adult Males", "value": "1" }, { "attribute_uuid": "6274d6ce-4c81-4b7c-8a7c-61ee5d011a72", "attribute": "Total number", "value": "1" }, { "attribute_uuid": "6777a1bc-0c2a-457e-80cc-cc66d7d10196", "attribute": "Notes", "value": "Just grazing" }, { "attribute_uuid": "b665cf34-089c-47d2-8589-a719229b55c0", "attribute": "Threat", "value": "None" } ] }, "geometry": { "type": "Point", "coordinates": [ 14.3380383333333, -19.3487883333333 ] } },
{ "type": "Feature", "properties": { "uuid": "0175e9f3-063e-48bb-8b5b-2baa862549ae", "category_uuid": "ee72fc4d-c0b1-4dc1-9baf-a2b517ae9567", "category": "Live animals", "X": 14.1407016666667, "Y": -19.717193333333299, "datetime": "2022-04-06 12:20:24.028", "patrol_uuid": "f494a58f-c733-4e8b-a058-a8c677bb0ef9", "patrol_id": "LIONSNA_001002", "attributes": [ { "attribute_uuid": "47efe273-01b1-4b45-aea6-90c06aef4eb4", "attribute": "Species", "value": "Springbok" }, { "attribute_uuid": "4e14bc5c-421f-4cd0-9902-4866806424da", "attribute": "Number of Adult Males", "value": "1" }, { "attribute_uuid": "6274d6ce-4c81-4b7c-8a7c-61ee5d011a72", "attribute": "Total number", "value": "2" }, { "attribute_uuid": "8b4d701d-ecef-41ce-8b3c-c01db0d94307", "attribute": "Number of Adult Females", "value": "1" }, { "attribute_uuid": "b665cf34-089c-47d2-8589-a719229b55c0", "attribute": "Threat", "value": "None" }, { "attribute_uuid": "d89bec59-5150-4518-8705-139a249ed352", "attribute": "Number of Young", "value": "0" } ] }, "geometry": { "type": "Point", "coordinates": [ 14.1407016666667, -19.717193333333299 ] } },
{ "type": "Feature", "properties": { "uuid": "003d79b0-1d81-47f5-9298-2e05a3959d38", "category_uuid": "ee72fc4d-c0b1-4dc1-9baf-a2b517ae9567", "category": "Live animals", "X": 14.209645, "Y": -19.69866, "datetime": "2022-03-02 18:31:06.992", "patrol_uuid": "31c48f21-24dc-4bef-9ab5-7fcd30d4a6e1", "patrol_id": "LIONSNA_001050", "attributes": [ { "attribute_uuid": "47efe273-01b1-4b45-aea6-90c06aef4eb4", "attribute": "Species", "value": "Zebra, Mountain" }, { "attribute_uuid": "6274d6ce-4c81-4b7c-8a7c-61ee5d011a72", "attribute": "Total number", "value": "4" }, { "attribute_uuid": "b665cf34-089c-47d2-8589-a719229b55c0", "attribute": "Threat", "value": "None" } ] }, "geometry": { "type": "Point", "coordinates": [ 14.209645, -19.69866 ] } },
{ "type": "Feature", "properties": { "uuid": "01b37622-1f14-4e82-8d11-1a2722bd068a", "category_uuid": "ee72fc4d-c0b1-4dc1-9baf-a2b517ae9567", "category": "Live animals", "X": 14.22274, "Y": -19.5756333333333, "datetime": "2022-04-06 10:08:49.132", "patrol_uuid": "f494a58f-c733-4e8b-a058-a8c677bb0ef9", "patrol_id": "LIONSNA_001002", "attributes": [ { "attribute_uuid": "47efe273-01b1-4b45-aea6-90c06aef4eb4", "attribute": "Species", "value": "Giraffe" }, { "attribute_uuid": "4e14bc5c-421f-4cd0-9902-4866806424da", "attribute": "Number of Adult Males", "value": "0" }, { "attribute_uuid": "6274d6ce-4c81-4b7c-8a7c-61ee5d011a72", "attribute": "Total number", "value": "8" }, { "attribute_uuid": "8b4d701d-ecef-41ce-8b3c-c01db0d94307", "attribute": "Number of Adult Females", "value": "4" }, { "attribute_uuid": "b665cf34-089c-47d2-8589-a719229b55c0", "attribute": "Threat", "value": "None" }, { "attribute_uuid": "d89bec59-5150-4518-8705-139a249ed352", "attribute": "Number of Young", "value": "4" } ] }, "geometry": { "type": "Point", "coordinates": [ 14.22274, -19.5756333333333 ] } },
{ "type": "Feature", "properties": { "uuid": "02579578-15a9-40a4-8d82-a6b0cde33871", "category_uuid": "ee72fc4d-c0b1-4dc1-9baf-a2b517ae9567", "category": "Live animals", "X": 14.146523333333301, "Y": -19.609863333333301, "datetime": "2022-01-18 07:54:18.089", "patrol_uuid": "7f73da4f-52df-462d-8fba-5117f44cf3e3", "patrol_id": "LIONSNA_000501", "attributes": [ { "attribute_uuid": "33455f66-d422-4e44-bbf8-54b7ec7916b2", "attribute": "Observation Distance (m)", "value": "200" }, { "attribute_uuid": "47efe273-01b1-4b45-aea6-90c06aef4eb4", "attribute": "Species", "value": "Zebra, Mountain" }, { "attribute_uuid": "4e14bc5c-421f-4cd0-9902-4866806424da", "attribute": "Number of Adult Males", "value": "3" }, { "attribute_uuid": "6274d6ce-4c81-4b7c-8a7c-61ee5d011a72", "attribute": "Total number", "value": "12" }, { "attribute_uuid": "8b4d701d-ecef-41ce-8b3c-c01db0d94307", "attribute": "Number of Adult Females", "value": "8" }, { "attribute_uuid": "b665cf34-089c-47d2-8589-a719229b55c0", "attribute": "Threat", "value": "None" }, { "attribute_uuid": "d89bec59-5150-4518-8705-139a249ed352", "attribute": "Number of Young", "value": "1" } ] }, "geometry": { "type": "Point", "coordinates": [ 14.146523333333301, -19.609863333333301 ] } },
{ "type": "Feature", "properties": { "uuid": "00c4ba24-d614-43e6-84b2-5aeb64417666", "category_uuid": "ee72fc4d-c0b1-4dc1-9baf-a2b517ae9567", "category": "Live animals", "X": 14.107665, "Y": -19.589686666666701, "datetime": "2022-01-23 08:09:01.29", "patrol_uuid": "bc591afd-be55-4aa8-95d4-15d2ad413d3f", "patrol_id": "LIONSNA_000630", "attributes": [ { "attribute_uuid": "47efe273-01b1-4b45-aea6-90c06aef4eb4", "attribute": "Species", "value": "Zebra, Mountain" }, { "attribute_uuid": "4e14bc5c-421f-4cd0-9902-4866806424da", "attribute": "Number of Adult Males", "value": "3" }, { "attribute_uuid": "6274d6ce-4c81-4b7c-8a7c-61ee5d011a72", "attribute": "Total number", "value": "11" }, { "attribute_uuid": "8b4d701d-ecef-41ce-8b3c-c01db0d94307", "attribute": "Number of Adult Females", "value": "7" }, { "attribute_uuid": "b665cf34-089c-47d2-8589-a719229b55c0", "attribute": "Threat", "value": "None" }, { "attribute_uuid": "d89bec59-5150-4518-8705-139a249ed352", "attribute": "Number of Young", "value": "1" } ] }, "geometry": { "type": "Point", "coordinates": [ 14.107665, -19.589686666666701 ] } },
{ "type": "Feature", "properties": { "uuid": "004ca513-f2f0-4f3c-bfaa-5d1d7c9d0d2a", "category_uuid": "ee72fc4d-c0b1-4dc1-9baf-a2b517ae9567", "category": "Live animals", "X": 14.1535, "Y": -20.286433333333299, "datetime": "2022-05-11 09:26:57.529", "patrol_uuid": "16287521-1b76-4cf0-8766-703fb7232298", "patrol_id": "LIONSNA_001262", "attributes": [ { "attribute_uuid": "33455f66-d422-4e44-bbf8-54b7ec7916b2", "attribute": "Observation Distance (m)", "value": "150" }, { "attribute_uuid": "47efe273-01b1-4b45-aea6-90c06aef4eb4", "attribute": "Species", "value": "Springbok" }, { "attribute_uuid": "4e14bc5c-421f-4cd0-9902-4866806424da", "attribute": "Number of Adult Males", "value": "0" }, { "attribute_uuid": "6274d6ce-4c81-4b7c-8a7c-61ee5d011a72", "attribute": "Total number", "value": "5" }, { "attribute_uuid": "8b4d701d-ecef-41ce-8b3c-c01db0d94307", "attribute": "Number of Adult Females", "value": "5" }, { "attribute_uuid": "b665cf34-089c-47d2-8589-a719229b55c0", "attribute": "Threat", "value": "None" }, { "attribute_uuid": "d89bec59-5150-4518-8705-139a249ed352", "attribute": "Number of Young", "value": "0" } ] }, "geometry": { "type": "Point", "coordinates": [ 14.1535, -20.286433333333299 ] } }
]
}
